angle,, 1, 2, 3, 4, 5, 6, 7, 8, 9, 10, 11, 12, 13, 14, 15, 16, 17, 18, 19, 20, 21, 22, 23, 24, 25, 26, 27, 28, 29, 30, 31, 32, 33, 34, 35, 36, 37, 38, 39, 40, 41, 42, 43, 44, 45, 46, 47, 48, 49, 50, 51, 52, 53, 54, 55, 56, 57, 58, 59, 60, 61, 62, 63, 64, 65, 66, 67, 68, 69, 70, 71, 72, 73, 74, 75, 76, 77, 78, 79, 80, 81, 82, 83, 84, 85, 86, 87, 88, 89, 90, 91, 92, 93, 94, 95, 96, 97, 98, 99, 100, 101, 102, 103, 104, 105, 106, 107, 108, 109, 110, 111, 112, 113, 114, 115, 116, 117, 118, 119, 120, 121, 122, 123, 124, 125, 126, 127, 128, 129, 130, 131, 132, 133, 134, 135, 136, 137, 138, 139, 140, 141, 142, 143, 144, 145, 146, 147, 148, 149, 150, 151, 152, 153, 154, 155, 156, 157, 158, 159, 160, 161, 162, 163, 164, 165, 166, 167, 168, 169, 170, 171, 172, 173, 174, 175, 176, 177, 178, 179, 180, 181, 182, 183, 184, 185, 186, 187, 188, 189, 190, 191, 192, 193, 194, 195, 196, 197, 198, 199, 200, 201, 202, 203, 204, 205, 206, 207, 208, 209, 210, 211, 212, 213, 214, 215, 216, 217, 218, 219, 220, 221, 222, 223, 224, 225, 226, 227, 228, 229, 230, 231, 232, 233, 234, 235, 236, 237, 238, 239, 240, 241, 242, 243, 244, 245, 246, 247, 248, 249, 250, 251, 252, 253, 254, 255, 256, 257, 258, 259, 260, 261, 262, 263, 264, 265, 266, 267, 268, 269, 270, 271, 272, 273, 274, 275, 276, 277, 278, 279, 280, 281, 282, 283, 284, 285, 286, 287, 288, 289, 290, 291, 292, 293, 294, 295, 296, 297, 298, 299, 300, 301, 302, 303, 304, 305, 306, 307, 308, 309, 310, 311, 312, 313, 314, 315, 316, 317, 318, 319, 320, 321, 322, 323, 324, 325, 326, 327, 328, 329, 330, 331, 332, 333, 334, 335, 336, 337, 338, 339, 340, 341, 342, 343, 344, 345, 346, 347, 348, 349, 350, 351, 352, 353, 354, 355, 356, 357, 358, 359, 360
time_stamp:=,2023-01-01 23:35:32 , 1.857272 , 1.862247 , 2.899053 , 2.877839 , 2.880497 , 2.875602 , 2.938817 , 4.207042 , 4.229799 , 4.282220 , 4.305147 , 4.329648 , 4.375512 , 4.438339 , 4.459481 , 4.449430 , 4.449570 , 4.390638 , 4.356645 , 4.310996 , 4.275572 , 4.241243 , 2.937271 , 2.866880 , 2.853405 , 2.845080 , 1.846715 , 1.792052 , 1.789337 , 1.782898 , 1.775588 , 1.771913 , 1.786286 , 1.817308 , 1.851344 , 4.472855 , 4.444558 , 4.433611 , 4.428249 , 0.849985 , 0.823491 , 0.774526 , 0.790534 , 0.774297 , 0.758907 , 0.772216 , 0.765402 , 0.746297 , 0.749304 , 0.754019 , 0.741292 , 0.758692 , 0.771563 , 0.774372 , 0.795887 , 0.793801 , 0.821179 , 0.845138 , 2.335829 , 2.405083 , 4.224463 , 4.220642 , 4.140440 , 4.091559 , 4.013896 , 3.961244 , 3.892965 , 3.845575 , 3.807036 , 3.744683 , 3.704423 , 3.664049 , 3.611508 , 3.589808 , 3.543748 , 1.684429 , 1.646424 , 1.624766 , 1.624152 , 1.598006 , 1.608899 , 1.636366 , 1.632787 , 1.663246 , 1.722094 , 3.223333 , 3.204767 , 3.191929 , 3.169784 , 3.151661 , 3.134397 , 3.052995 , 2.887687 , 2.728476 , 2.583531 , 2.521074 , 2.515021 , 2.523271 , 2.514941 , 2.498364 , 2.506676 , 2.502728 , 2.505379 , 2.495708 , 2.422527 , 2.334075 , 2.288173 , 2.203256 , 2.143013 , 2.096317 , 2.040331 , 1.997715 , 1.947401 , 1.915696 , 1.871986 , 1.813404 , 1.793914 , 1.755755 , 1.712281 , 1.703866 , 1.650354 , 1.632819 , 1.603505 , 1.564162 , 1.533371 , 1.542588 , 1.519228 , 1.495259 , 1.472217 , 1.459565 , 1.455886 , 1.403137 , 1.388151 , 1.374801 , 1.372924 , 1.362488 , 1.350082 , 1.316468 , 1.314086 , 1.309202 , 1.306950 , 1.267399 , 1.272224 , 1.260717 , 1.248259 , 1.229108 , 1.252334 , 1.256787 , 1.221463 , 1.218286 , 1.212469 , 1.207183 , 1.224088 , 1.185584 , 1.189686 , 1.179534 , 1.194315 , 1.171588 , 1.179498 , 1.180712 , 1.200075 , 1.169958 , 1.181318 , 1.170138 , 1.177620 , 1.185067 , 1.177151 , 1.149334 , 1.167429 , 1.172385 , 1.157658 , 1.158729 , 1.117524 , 1.101711 , 1.058672 , 1.046591 , 1.052584 , 0.997997 , 1.004886 , 0.994525 , 0.954072 , 0.940328 , 0.924671 , 0.900739 , 0.888745 , 0.898192 , 0.879626 , 0.857271 , 0.862678 , 0.830172 , 0.827954 , 0.820389 , 0.804049 , 0.820886 , 0.774022 , 0.780993 , 0.776653 , 0.775844 , 0.769324 , 0.736517 , 0.744924 , 0.757885 , 0.755816 , 0.734929 , 0.724132 , 0.723709 , 0.722883 , 0.716723 , 0.717681 , 0.721229 , 0.699992 , 0.709646 , 0.709943 , 0.684248 , 0.695642 , 0.674732 , 0.685927 , 0.683712 , 0.683429 , 0.683136 , 0.672940 , 0.670883 , 0.678789 , 0.688804 , 0.673887 , 0.689442 , 0.676342 , 0.678951 , 0.664988 , 0.683080 , 0.689711 , 0.682255 , 0.680616 , 0.678992 , 0.699753 , 0.707167 , 0.697125 , 0.690982 , 0.706878 , 0.702015 , 0.696188 , 0.701430 , 0.706027 , 0.706656 , 0.722071 , 0.709447 , 0.719223 , 0.728059 , 0.749412 , 0.747204 , 0.738748 , 0.756050 , 0.769076 , 0.783795 , 0.780517 , 0.805992 , 0.788310 , 0.815469 , 0.813599 , 0.824355 , 0.823676 , 0.837548 , 0.845026 , 0.868543 , 0.874370 , 0.910021 , 0.901816 , 0.924200 , 0.939240 , 0.964660 , 0.969286 , 0.963216 , 1.023206 , 1.021569 , 1.042577 , 1.054471 , 1.087000 , 1.107686 , 1.146110 , 1.184972 , 1.208009 , 1.225429 , 1.263564 , 1.317444 , 1.331580 , 1.374376 , 1.417120 , 1.458235 , 1.513327 , 1.511300 , 1.524917 , 1.511206 , 1.512213 , 1.512272 , 1.531644 , 1.532299 , 1.540900 , 1.560166 , 1.559245 , 1.565405 , 1.558891 , 1.578396 , 1.629816 , 1.762255 , 1.936881 , 2.103768 , 2.217213 , 2.229419 , 2.225425 , 2.226038 , 2.272281 , 2.273753 , 2.306872 , 2.323611 , 2.361832 , 2.382541 , 2.398932 , 2.434137 , 2.466446 , 2.495267 , 2.524369 , 2.530875 , 2.570040 , 2.607846 , 2.641730 , 2.696542 , 2.725835 , 2.781344 , 0.897683 , 0.874571 , 0.873588 , 0.830845 , 0.822883 , 0.844319 , 0.852248 , 0.819065 , 0.832435 , 0.842373 , 0.833233 , 0.832471 , 0.834061 , 0.840374 , 0.863552 , 0.884416 , 0.897272 , 3.584184 , 3.586498 , 3.570292 , 3.567074 , 3.584398 , 3.642787 , 3.799936 , 1.937914 , 1.847666 , 1.851535 , 1.793946 , 1.805477 , 1.808926 , 1.832989 , 1.847280
angle,, 1, 2, 3, 4, 5, 6, 7, 8, 9, 10, 11, 12, 13, 14, 15, 16, 17, 18, 19, 20, 21, 22, 23, 24, 25, 26, 27, 28, 29, 30, 31, 32, 33, 34, 35, 36, 37, 38, 39, 40, 41, 42, 43, 44, 45, 46, 47, 48, 49, 50, 51, 52, 53, 54, 55, 56, 57, 58, 59, 60, 61, 62, 63, 64, 65, 66, 67, 68, 69, 70, 71, 72, 73, 74, 75, 76, 77, 78, 79, 80, 81, 82, 83, 84, 85, 86, 87, 88, 89, 90, 91, 92, 93, 94, 95, 96, 97, 98, 99, 100, 101, 102, 103, 104, 105, 106, 107, 108, 109, 110, 111, 112, 113, 114, 115, 116, 117, 118, 119, 120, 121, 122, 123, 124, 125, 126, 127, 128, 129, 130, 131, 132, 133, 134, 135, 136, 137, 138, 139, 140, 141, 142, 143, 144, 145, 146, 147, 148, 149, 150, 151, 152, 153, 154, 155, 156, 157, 158, 159, 160, 161, 162, 163, 164, 165, 166, 167, 168, 169, 170, 171, 172, 173, 174, 175, 176, 177, 178, 179, 180, 181, 182, 183, 184, 185, 186, 187, 188, 189, 190, 191, 192, 193, 194, 195, 196, 197, 198, 199, 200, 201, 202, 203, 204, 205, 206, 207, 208, 209, 210, 211, 212, 213, 214, 215, 216, 217, 218, 219, 220, 221, 222, 223, 224, 225, 226, 227, 228, 229, 230, 231, 232, 233, 234, 235, 236, 237, 238, 239, 240, 241, 242, 243, 244, 245, 246, 247, 248, 249, 250, 251, 252, 253, 254, 255, 256, 257, 258, 259, 260, 261, 262, 263, 264, 265, 266, 267, 268, 269, 270, 271, 272, 273, 274, 275, 276, 277, 278, 279, 280, 281, 282, 283, 284, 285, 286, 287, 288, 289, 290, 291, 292, 293, 294, 295, 296, 297, 298, 299, 300, 301, 302, 303, 304, 305, 306, 307, 308, 309, 310, 311, 312, 313, 314, 315, 316, 317, 318, 319, 320, 321, 322, 323, 324, 325, 326, 327, 328, 329, 330, 331, 332, 333, 334, 335, 336, 337, 338, 339, 340, 341, 342, 343, 344, 345, 346, 347, 348, 349, 350, 351, 352, 353, 354, 355, 356, 357, 358, 359, 360
time_stamp:=,2023-01-01 23:35:44 , 1.850672 , 1.880791 , 2.898236 , 2.869892 , 2.902670 , 2.883425 , 2.954674 , 4.220364 , 4.228875 , 4.270781 , 4.306111 , 4.345314 , 4.392717 , 4.435838 , 4.456669 , 4.473453 , 4.433839 , 4.391338 , 4.355392 , 4.301782 , 4.277315 , 4.262727 , 2.949482 , 2.880175 , 2.864285 , 2.845787 , 1.855334 , 1.804164 , 1.777942 , 1.769727 , 1.779227 , 1.781573 , 1.776268 , 1.807288 , 1.848447 , 4.474414 , 4.437260 , 4.440047 , 4.437686 , 0.855691 , 0.809717 , 0.805638 , 0.768448 , 0.777492 , 0.785891 , 0.759823 , 0.781415 , 0.780867 , 0.773208 , 0.753769 , 0.770800 , 0.774751 , 0.755195 , 0.773666 , 0.792379 , 0.800756 , 0.805612 , 0.862482 , 2.334791 , 2.412553 , 4.210835 , 4.217085 , 4.166011 , 4.096689 , 4.029937 , 3.957959 , 3.883245 , 3.842597 , 3.784968 , 3.733264 , 3.714347 , 3.661427 , 3.599130 , 3.558197 , 3.545074 , 1.695955 , 1.662549 , 1.646953 , 1.609779 , 1.620779 , 1.616339 , 1.638147 , 1.638281 , 1.641265 , 1.706992 , 3.219933 , 3.190727 , 3.194480 , 3.190156 , 3.154375 , 3.137884 , 3.046658 , 2.879005 , 2.731565 , 2.581975 , 2.530570 , 2.524571 , 2.516187 , 2.515324 , 2.509102 , 2.514895 , 2.492934 , 2.501274 , 2.484991 , 2.409168 , 2.331918 , 2.290257 , 2.206192 , 2.143014 , 2.098119 , 2.036099 , 1.990830 , 1.939173 , 1.904313 , 1.855837 , 1.829791 , 1.770859 , 1.750593 , 1.714058 , 1.689299 , 1.647736 , 1.623684 , 1.584893 , 1.583919 , 1.553536 , 1.520410 , 1.517396 , 1.470820 , 1.460420 , 1.445219 , 1.441879 , 1.414974 , 1.408630 , 1.369770 , 1.375065 , 1.363296 , 1.336438 , 1.327563 , 1.322542 , 1.299314 , 1.295070 , 1.288098 , 1.287259 , 1.281715 , 1.264742 , 1.231877 , 1.238618 , 1.233019 , 1.229856 , 1.242050 , 1.217870 , 1.216385 , 1.212410 , 1.213894 , 1.198246 , 1.183584 , 1.191825 , 1.196980 , 1.155684 , 1.170817 , 1.172557 , 1.182465 , 1.158071 , 1.186781 , 1.176491 , 1.177453 , 1.175555 , 1.181871 , 1.190881 , 1.170811 , 1.175066 , 1.143439 , 1.135622 , 1.076844 , 1.063435 , 1.050059 , 1.041439 , 1.016145 , 1.001103 , 0.985580 , 0.964888 , 0.956723 , 0.921489 , 0.933163 , 0.903007 , 0.874375 , 0.879508 , 0.850203 , 0.840896 , 0.854370 , 0.822269 , 0.816671 , 0.792518 , 0.797624 , 0.778633 , 0.773661 , 0.774015 , 0.772253 , 0.755809 , 0.746161 , 0.739055 , 0.745909 , 0.744779 , 0.733772 , 0.719760 , 0.720930 , 0.718826 , 0.720393 , 0.728847 , 0.706789 , 0.698829 , 0.687761 , 0.699006 , 0.678883 , 0.684303 , 0.703505 , 0.688022 , 0.696281 , 0.682594 , 0.691106 , 0.686815 , 0.703171 , 0.699820 , 0.678532 , 0.673245 , 0.664556 , 0.675386 , 0.684973 , 0.688784 , 0.676284 , 0.681281 , 0.667316 , 0.670373 , 0.702065 , 0.699819 , 0.712369 , 0.681919 , 0.694283 , 0.705939 , 0.700141 , 0.708776 , 0.723072 , 0.717116 , 0.729017 , 0.718610 , 0.727999 , 0.737600 , 0.729442 , 0.741257 , 0.736145 , 0.769465 , 0.759836 , 0.773332 , 0.779794 , 0.778016 , 0.792829 , 0.801141 , 0.811501 , 0.820041 , 0.827079 , 0.816825 , 0.826797 , 0.866868 , 0.867429 , 0.876723 , 0.884935 , 0.908672 , 0.918948 , 0.939209 , 0.955682 , 0.977657 , 1.006423 , 1.002906 , 1.018910 , 1.040236 , 1.054739 , 1.092850 , 1.132974 , 1.128038 , 1.160587 , 1.199587 , 1.214552 , 1.259698 , 1.296614 , 1.342823 , 1.398136 , 1.417314 , 1.480879 , 1.520554 , 1.505116 , 1.519813 , 1.523555 , 1.521546 , 1.515421 , 1.532143 , 1.541559 , 1.548515 , 1.540810 , 1.540882 , 1.554299 , 1.550316 , 1.579180 , 1.634146 , 1.771966 , 1.928452 , 2.117493 , 2.184504 , 2.216950 , 2.239290 , 2.260919 , 2.281000 , 2.282194 , 2.300823 , 2.318779 , 2.342220 , 2.380775 , 2.401613 , 2.419097 , 2.445885 , 2.488183 , 2.525525 , 2.540799 , 2.593115 , 2.629621 , 2.658062 , 2.694821 , 2.724577 , 2.779496 , 0.903977 , 0.886000 , 0.861194 , 0.863356 , 0.842549 , 0.827654 , 0.822542 , 0.823121 , 0.828859 , 0.822661 , 0.832276 , 0.840197 , 0.837059 , 0.848450 , 0.875766 , 0.896283 , 0.911826 , 3.592715 , 3.566803 , 3.569826 , 3.572060 , 3.584568 , 3.663302 , 3.808510 , 1.936484 , 1.858505 , 1.829676 , 1.831664 , 1.826042 , 1.808802 , 1.818403 , 1.837310
angle,, 1, 2, 3, 4, 5, 6, 7, 8, 9, 10, 11, 12, 13, 14, 15, 16, 17, 18, 19, 20, 21, 22, 23, 24, 25, 26, 27, 28, 29, 30, 31, 32, 33, 34, 35, 36, 37, 38, 39, 40, 41, 42, 43, 44, 45, 46, 47, 48, 49, 50, 51, 52, 53, 54, 55, 56, 57, 58, 59, 60, 61, 62, 63, 64, 65, 66, 67, 68, 69, 70, 71, 72, 73, 74, 75, 76, 77, 78, 79, 80, 81, 82, 83, 84, 85, 86, 87, 88, 89, 90, 91, 92, 93, 94, 95, 96, 97, 98, 99, 100, 101, 102, 103, 104, 105, 106, 107, 108, 109, 110, 111, 112, 113, 114, 115, 116, 117, 118, 119, 120, 121, 122, 123, 124, 125, 126, 127, 128, 129, 130, 131, 132, 133, 134, 135, 136, 137, 138, 139, 140, 141, 142, 143, 144, 145, 146, 147, 148, 149, 150, 151, 152, 153, 154, 155, 156, 157, 158, 159, 160, 161, 162, 163, 164, 165, 166, 167, 168, 169, 170, 171, 172, 173, 174, 175, 176, 177, 178, 179, 180, 181, 182, 183, 184, 185, 186, 187, 188, 189, 190, 191, 192, 193, 194, 195, 196, 197, 198, 199, 200, 201, 202, 203, 204, 205, 206, 207, 208, 209, 210, 211, 212, 213, 214, 215, 216, 217, 218, 219, 220, 221, 222, 223, 224, 225, 226, 227, 228, 229, 230, 231, 232, 233, 234, 235, 236, 237, 238, 239, 240, 241, 242, 243, 244, 245, 246, 247, 248, 249, 250, 251, 252, 253, 254, 255, 256, 257, 258, 259, 260, 261, 262, 263, 264, 265, 266, 267, 268, 269, 270, 271, 272, 273, 274, 275, 276, 277, 278, 279, 280, 281, 282, 283, 284, 285, 286, 287, 288, 289, 290, 291, 292, 293, 294, 295, 296, 297, 298, 299, 300, 301, 302, 303, 304, 305, 306, 307, 308, 309, 310, 311, 312, 313, 314, 315, 316, 317, 318, 319, 320, 321, 322, 323, 324, 325, 326, 327, 328, 329, 330, 331, 332, 333, 334, 335, 336, 337, 338, 339, 340, 341, 342, 343, 344, 345, 346, 347, 348, 349, 350, 351, 352, 353, 354, 355, 356, 357, 358, 359, 360
time_stamp:=,2023-01-01 23:35:54 , 4.369831 , 4.388337 , 4.435932 , 4.490416 , 4.451751 , 4.403951 , 4.358377 , 4.328899 , 4.297305 , 4.265853 , 4.228571 , 2.882754 , 2.851212 , 2.851909 , 1.909391 , 1.826108 , 1.791354 , 1.793503 , 1.777091 , 1.794793 , 1.805348 , 1.828068 , 1.853355 , 4.492629 , 4.458035 , 4.443790 , 4.418270 , 0.886680 , 0.833492 , 0.822781 , 0.791101 , 0.794557 , 0.758124 , 0.760023 , 0.762972 , 0.769584 , 0.748072 , 0.727671 , 0.764208 , 0.784113 , 0.771718 , 0.786518 , 0.795142 , 0.791523 , 0.814982 , 0.857839 , 2.333064 , 2.370657 , 4.202962 , 4.237901 , 4.181543 , 4.099910 , 4.045275 , 3.995678 , 3.935038 , 3.875294 , 3.810400 , 3.773456 , 3.719774 , 3.667687 , 3.632596 , 3.599136 , 3.569757 , 1.735214 , 1.664174 , 1.635692 , 1.616744 , 1.626030 , 1.617926 , 1.651956 , 1.653120 , 1.658025 , 1.692154 , 3.223976 , 3.217738 , 3.201972 , 3.171442 , 3.163727 , 3.149782 , 3.119105 , 2.928582 , 2.773618 , 2.633733 , 2.521443 , 2.533748 , 2.529949 , 2.519920 , 2.515270 , 2.533235 , 2.499967 , 2.508727 , 2.487686 , 2.443222 , 2.362339 , 2.296734 , 2.221601 , 2.168704 , 2.126271 , 2.067028 , 2.003728 , 1.960473 , 1.929316 , 1.883056 , 1.826858 , 1.791817 , 1.763763 , 1.729054 , 1.698089 , 1.675523 , 1.622069 , 1.598912 , 1.600464 , 1.549596 , 1.550970 , 1.508673 , 1.498134 , 1.474977 , 1.458842 , 1.436029 , 1.411417 , 1.391070 , 1.390077 , 1.381889 , 1.348521 , 1.339495 , 1.336182 , 1.309840 , 1.327257 , 1.292691 , 1.278474 , 1.284744 , 1.269664 , 1.242462 , 1.260036 , 1.250583 , 1.246664 , 1.225990 , 1.214735 , 1.233322 , 1.198588 , 1.205803 , 1.214340 , 1.208745 , 1.192359 , 1.202227 , 1.176718 , 1.188063 , 1.176915 , 1.181866 , 1.166687 , 1.163007 , 1.163631 , 1.166557 , 1.168486 , 1.167431 , 1.162910 , 1.172905 , 1.175164 , 1.180639 , 1.154070 , 1.132137 , 1.086110 , 1.074353 , 1.051584 , 1.039782 , 1.013271 , 0.990866 , 0.973956 , 0.959597 , 0.943435 , 0.925757 , 0.915058 , 0.902688 , 0.884691 , 0.863628 , 0.848347 , 0.836808 , 0.830817 , 0.833025 , 0.818261 , 0.807333 , 0.797554 , 0.790772 , 0.777883 , 0.775205 , 0.765352 , 0.767891 , 0.749025 , 0.766436 , 0.729829 , 0.729022 , 0.726605 , 0.713397 , 0.699414 , 0.718560 , 0.716285 , 0.705402 , 0.721120 , 0.706657 , 0.706191 , 0.692730 , 0.706582 , 0.713342 , 0.684945 , 0.686108 , 0.693874 , 0.699713 , 0.686351 , 0.693573 , 0.665433 , 0.674372 , 0.701127 , 0.646613 , 0.685370 , 0.666747 , 0.662739 , 0.674502 , 0.683418 , 0.681171 , 0.670924 , 0.674408 , 0.662574 , 0.677153 , 0.674660 , 0.692663 , 0.707253 , 0.699869 , 0.698755 , 0.692381 , 0.695761 , 0.692608 , 0.717562 , 0.717188 , 0.718457 , 0.718264 , 0.735616 , 0.744158 , 0.741226 , 0.748662 , 0.754598 , 0.763409 , 0.777560 , 0.787623 , 0.788927 , 0.799730 , 0.782333 , 0.815663 , 0.817416 , 0.819054 , 0.841829 , 0.849131 , 0.859160 , 0.871624 , 0.877099 , 0.897387 , 0.910522 , 0.907935 , 0.958372 , 0.953502 , 0.989137 , 1.001959 , 1.014057 , 1.023019 , 1.053473 , 1.079156 , 1.100117 , 1.127199 , 1.155617 , 1.178779 , 1.230428 , 1.243638 , 1.292093 , 1.306912 , 1.353519 , 1.403948 , 1.436711 , 1.494475 , 1.508327 , 1.522740 , 1.535844 , 1.531527 , 1.519547 , 1.509690 , 1.538917 , 1.546099 , 1.544461 , 1.528542 , 1.540635 , 1.548305 , 1.560044 , 1.572721 , 1.690735 , 1.858057 , 2.045267 , 2.188554 , 2.195987 , 2.224734 , 2.261559 , 2.241249 , 2.260077 , 2.278046 , 2.313873 , 2.353836 , 2.364462 , 2.399723 , 2.403697 , 2.427754 , 2.456898 , 2.504533 , 2.538764 , 2.575656 , 2.611858 , 2.641628 , 2.680970 , 2.716522 , 2.750725 , 0.942984 , 0.872396 , 0.865287 , 0.851561 , 0.846880 , 0.834575 , 0.822082 , 0.803190 , 0.832358 , 0.809940 , 0.821881 , 0.831013 , 0.845126 , 0.839779 , 0.849455 , 0.870088 , 0.874223 , 0.928155 , 3.574500 , 3.589692 , 3.586535 , 3.570086 , 3.608449 , 3.745039 , 3.925903 , 1.884091 , 1.852754 , 1.820891 , 1.791210 , 1.798957 , 1.806413 , 1.841232 , 1.876193 , 1.909040 , 2.883962 , 2.863325 , 2.866338 , 2.908062 , 3.000874 , 4.229125 , 4.243037 , 4.295615 , 4.324800 , 4.357259
angle,, 1, 2, 3, 4, 5, 6, 7, 8, 9, 10, 11, 12, 13, 14, 15, 16, 17, 18, 19, 20, 21, 22, 23, 24, 25, 26, 27, 28, 29, 30, 31, 32, 33, 34, 35, 36, 37, 38, 39, 40, 41, 42, 43, 44, 45, 46, 47, 48, 49, 50, 51, 52, 53, 54, 55, 56, 57, 58, 59, 60, 61, 62, 63, 64, 65, 66, 67, 68, 69, 70, 71, 72, 73, 74, 75, 76, 77, 78, 79, 80, 81, 82, 83, 84, 85, 86, 87, 88, 89, 90, 91, 92, 93, 94, 95, 96, 97, 98, 99, 100, 101, 102, 103, 104, 105, 106, 107, 108, 109, 110, 111, 112, 113, 114, 115, 116, 117, 118, 119, 120, 121, 122, 123, 124, 125, 126, 127, 128, 129, 130, 131, 132, 133, 134, 135, 136, 137, 138, 139, 140, 141, 142, 143, 144, 145, 146, 147, 148, 149, 150, 151, 152, 153, 154, 155, 156, 157, 158, 159, 160, 161, 162, 163, 164, 165, 166, 167, 168, 169, 170, 171, 172, 173, 174, 175, 176, 177, 178, 179, 180, 181, 182, 183, 184, 185, 186, 187, 188, 189, 190, 191, 192, 193, 194, 195, 196, 197, 198, 199, 200, 201, 202, 203, 204, 205, 206, 207, 208, 209, 210, 211, 212, 213, 214, 215, 216, 217, 218, 219, 220, 221, 222, 223, 224, 225, 226, 227, 228, 229, 230, 231, 232, 233, 234, 235, 236, 237, 238, 239, 240, 241, 242, 243, 244, 245, 246, 247, 248, 249, 250, 251, 252, 253, 254, 255, 256, 257, 258, 259, 260, 261, 262, 263, 264, 265, 266, 267, 268, 269, 270, 271, 272, 273, 274, 275, 276, 277, 278, 279, 280, 281, 282, 283, 284, 285, 286, 287, 288, 289, 290, 291, 292, 293, 294, 295, 296, 297, 298, 299, 300, 301, 302, 303, 304, 305, 306, 307, 308, 309, 310, 311, 312, 313, 314, 315, 316, 317, 318, 319, 320, 321, 322, 323, 324, 325, 326, 327, 328, 329, 330, 331, 332, 333, 334, 335, 336, 337, 338, 339, 340, 341, 342, 343, 344, 345, 346, 347, 348, 349, 350, 351, 352, 353, 354, 355, 356, 357, 358, 359, 360
time_stamp:=,2023-01-01 23:36:08 , 2.545311 , 2.587563 , 2.615877 , 2.668308 , 2.716503 , 2.731174 , 0.922806 , 0.879486 , 0.854059 , 0.844559 , 0.828010 , 0.857981 , 0.818210 , 0.806904 , 0.829281 , 0.821125 , 0.828721 , 0.826263 , 0.828132 , 0.862212 , 0.873449 , 0.869354 , 0.907912 , 0.927778 , 3.571207 , 3.578958 , 3.580999 , 3.608795 , 3.568709 , 3.597900 , 3.736368 , 3.900348 , 1.828121 , 1.839274 , 1.810913 , 1.801260 , 1.806146 , 1.832489 , 1.820774 , 1.846171 , 2.900927 , 2.879936 , 2.866368 , 2.884868 , 2.898802 , 4.175673 , 4.203826 , 4.244272 , 4.275660 , 4.303767 , 4.349577 , 4.377488 , 4.416028 , 4.461596 , 4.444486 , 4.405302 , 4.346334 , 4.317736 , 4.290605 , 4.254162 , 4.210167 , 2.888707 , 2.842568 , 2.840189 , 1.881928 , 1.834951 , 1.779648 , 1.767301 , 1.771857 , 1.744820 , 1.761289 , 1.806124 , 1.808042 , 4.472131 , 4.437470 , 4.425005 , 4.431186 , 0.826104 , 0.794259 , 0.797566 , 0.780309 , 0.742498 , 0.749301 , 0.752549 , 0.730329 , 0.727973 , 0.735867 , 0.722693 , 0.745522 , 0.749705 , 0.736456 , 0.760081 , 0.761526 , 0.772608 , 0.796100 , 0.812461 , 2.294599 , 2.326360 , 4.175994 , 4.192026 , 4.198196 , 4.126642 , 4.057920 , 3.964598 , 3.930782 , 3.873654 , 3.826873 , 3.785217 , 3.722965 , 3.679664 , 3.620282 , 3.591402 , 3.554270 , 3.496174 , 1.665287 , 1.632872 , 1.618475 , 1.582119 , 1.590381 , 1.601666 , 1.604022 , 1.621429 , 1.643708 , 1.674227 , 3.200874 , 3.186268 , 3.175819 , 3.161708 , 3.123028 , 3.113925 , 3.050582 , 2.866776 , 2.708545 , 2.571558 , 2.502799 , 2.503402 , 2.501889 , 2.496334 , 2.486780 , 2.493744 , 2.470040 , 2.466669 , 2.466874 , 2.405745 , 2.319232 , 2.265766 , 2.221950 , 2.144985 , 2.104177 , 2.040944 , 1.993477 , 1.946035 , 1.902488 , 1.853585 , 1.797862 , 1.781834 , 1.731895 , 1.713986 , 1.666279 , 1.651556 , 1.624949 , 1.603517 , 1.564222 , 1.538549 , 1.532726 , 1.486144 , 1.492375 , 1.450313 , 1.432547 , 1.430241 , 1.394887 , 1.384995 , 1.389888 , 1.362658 , 1.374022 , 1.332433 , 1.318196 , 1.321222 , 1.320977 , 1.303139 , 1.296147 , 1.270054 , 1.279652 , 1.252983 , 1.238346 , 1.226434 , 1.237625 , 1.224220 , 1.220599 , 1.210147 , 1.229886 , 1.216436 , 1.205729 , 1.173356 , 1.190928 , 1.185039 , 1.175575 , 1.185424 , 1.194174 , 1.179990 , 1.163332 , 1.188014 , 1.179304 , 1.161562 , 1.169565 , 1.179627 , 1.183044 , 1.184152 , 1.167002 , 1.183936 , 1.164924 , 1.151791 , 1.140023 , 1.107347 , 1.079427 , 1.062679 , 1.045102 , 1.013839 , 1.010073 , 0.992270 , 0.974055 , 0.960959 , 0.941856 , 0.906643 , 0.912346 , 0.900780 , 0.872758 , 0.874650 , 0.866448 , 0.860921 , 0.833060 , 0.830790 , 0.815407 , 0.808867 , 0.799501 , 0.785879 , 0.801466 , 0.789178 , 0.778048 , 0.758282 , 0.741385 , 0.757639 , 0.750911 , 0.741431 , 0.742844 , 0.745602 , 0.718515 , 0.731696 , 0.732382 , 0.717208 , 0.728315 , 0.702416 , 0.701038 , 0.721534 , 0.715814 , 0.708322 , 0.721752 , 0.698411 , 0.697997 , 0.711712 , 0.695863 , 0.702543 , 0.698242 , 0.701809 , 0.704907 , 0.712932 , 0.698344 , 0.691710 , 0.705701 , 0.715133 , 0.714542 , 0.713204 , 0.703941 , 0.713517 , 0.727427 , 0.726917 , 0.706829 , 0.728513 , 0.745968 , 0.721151 , 0.705928 , 0.727827 , 0.761968 , 0.752428 , 0.741405 , 0.751838 , 0.757731 , 0.778201 , 0.774793 , 0.787061 , 0.778190 , 0.794374 , 0.779582 , 0.794946 , 0.817310 , 0.813297 , 0.838080 , 0.834874 , 0.859883 , 0.863969 , 0.858108 , 0.885610 , 0.889421 , 0.913846 , 0.910401 , 0.936417 , 0.936845 , 0.954747 , 0.981362 , 1.001629 , 1.026684 , 1.037594 , 1.058076 , 1.077719 , 1.118742 , 1.128892 , 1.151630 , 1.179652 , 1.222478 , 1.219438 , 1.284341 , 1.277965 , 1.345888 , 1.389993 , 1.427485 , 1.463134 , 1.514012 , 1.534949 , 1.523616 , 1.525095 , 1.533984 , 1.539287 , 1.539855 , 1.557078 , 1.553003 , 1.562297 , 1.570568 , 1.578474 , 1.568230 , 1.579206 , 1.597226 , 1.721128 , 1.878414 , 2.056325 , 2.200245 , 2.220750 , 2.238433 , 2.260403 , 2.276660 , 2.290111 , 2.313263 , 2.324448 , 2.352775 , 2.374245 , 2.389503 , 2.409087 , 2.445723 , 2.469148 , 2.517046 , 2.540660
angle,, 1, 2, 3, 4, 5, 6, 7, 8, 9, 10, 11, 12, 13, 14, 15, 16, 17, 18, 19, 20, 21, 22, 23, 24, 25, 26, 27, 28, 29, 30, 31, 32, 33, 34, 35, 36, 37, 38, 39, 40, 41, 42, 43, 44, 45, 46, 47, 48, 49, 50, 51, 52, 53, 54, 55, 56, 57, 58, 59, 60, 61, 62, 63, 64, 65, 66, 67, 68, 69, 70, 71, 72, 73, 74, 75, 76, 77, 78, 79, 80, 81, 82, 83, 84, 85, 86, 87, 88, 89, 90, 91, 92, 93, 94, 95, 96, 97, 98, 99, 100, 101, 102, 103, 104, 105, 106, 107, 108, 109, 110, 111, 112, 113, 114, 115, 116, 117, 118, 119, 120, 121, 122, 123, 124, 125, 126, 127, 128, 129, 130, 131, 132, 133, 134, 135, 136, 137, 138, 139, 140, 141, 142, 143, 144, 145, 146, 147, 148, 149, 150, 151, 152, 153, 154, 155, 156, 157, 158, 159, 160, 161, 162, 163, 164, 165, 166, 167, 168, 169, 170, 171, 172, 173, 174, 175, 176, 177, 178, 179, 180, 181, 182, 183, 184, 185, 186, 187, 188, 189, 190, 191, 192, 193, 194, 195, 196, 197, 198, 199, 200, 201, 202, 203, 204, 205, 206, 207, 208, 209, 210, 211, 212, 213, 214, 215, 216, 217, 218, 219, 220, 221, 222, 223, 224, 225, 226, 227, 228, 229, 230, 231, 232, 233, 234, 235, 236, 237, 238, 239, 240, 241, 242, 243, 244, 245, 246, 247, 248, 249, 250, 251, 252, 253, 254, 255, 256, 257, 258, 259, 260, 261, 262, 263, 264, 265, 266, 267, 268, 269, 270, 271, 272, 273, 274, 275, 276, 277, 278, 279, 280, 281, 282, 283, 284, 285, 286, 287, 288, 289, 290, 291, 292, 293, 294, 295, 296, 297, 298, 299, 300, 301, 302, 303, 304, 305, 306, 307, 308, 309, 310, 311, 312, 313, 314, 315, 316, 317, 318, 319, 320, 321, 322, 323, 324, 325, 326, 327, 328, 329, 330, 331, 332, 333, 334, 335, 336, 337, 338, 339, 340, 341, 342, 343, 344, 345, 346, 347, 348, 349, 350, 351, 352, 353, 354, 355, 356, 357, 358, 359, 360
time_stamp:=,2023-01-01 23:36:16 , 1.554929 , 1.554482 , 1.550803 , 1.581547 , 1.571379 , 1.592122 , 1.579194 , 1.581381 , 1.649094 , 1.807825 , 1.955641 , 2.131053 , 2.212489 , 2.240535 , 2.247152 , 2.270930 , 2.276957 , 2.301190 , 2.327159 , 2.343614 , 2.357341 , 2.372757 , 2.415294 , 2.432655 , 2.465668 , 2.479417 , 2.517579 , 2.551497 , 2.578972 , 2.624925 , 2.666940 , 2.705023 , 0.926902 , 0.871745 , 0.863313 , 0.832089 , 0.841667 , 0.834389 , 0.855055 , 0.816201 , 0.819713 , 0.814335 , 0.825433 , 0.800023 , 0.835584 , 0.824529 , 0.857109 , 0.849475 , 0.869341 , 0.901487 , 3.555552 , 3.558509 , 3.572689 , 3.560751 , 3.588168 , 3.573389 , 3.597981 , 3.737145 , 1.899482 , 1.853558 , 1.797973 , 1.790340 , 1.777362 , 1.801852 , 1.807488 , 1.830671 , 1.845638 , 2.905473 , 2.851442 , 2.837907 , 2.858210 , 2.877073 , 4.173131 , 4.188272 , 4.222938 , 4.252867 , 4.284649 , 4.315186 , 4.369993 , 4.423914 , 4.444482 , 4.452192 , 4.412342 , 4.358968 , 4.334723 , 4.303272 , 4.230412 , 4.202231 , 2.873839 , 2.843800 , 2.838837 , 2.821826 , 1.811096 , 1.783417 , 1.763170 , 1.731969 , 1.744156 , 1.747740 , 1.767745 , 1.798676 , 1.863856 , 4.426981 , 4.427707 , 4.419838 , 0.829558 , 0.794610 , 0.775864 , 0.764217 , 0.748685 , 0.743075 , 0.741928 , 0.739326 , 0.735603 , 0.709359 , 0.722373 , 0.735559 , 0.717377 , 0.723755 , 0.739113 , 0.749128 , 0.752675 , 0.748093 , 0.784701 , 0.802355 , 2.289426 , 2.367826 , 4.168108 , 4.193035 , 4.125848 , 4.060295 , 3.991493 , 3.933637 , 3.870862 , 3.806381 , 3.792677 , 3.719640 , 3.671440 , 3.649491 , 3.583743 , 3.548175 , 3.516642 , 1.725768 , 1.665586 , 1.614763 , 1.585476 , 1.600832 , 1.582584 , 1.581951 , 1.586686 , 1.604266 , 1.631681 , 3.189965 , 3.196512 , 3.152656 , 3.152763 , 3.126338 , 3.124095 , 3.095606 , 2.911828 , 2.792158 , 2.619050 , 2.511789 , 2.504115 , 2.514899 , 2.498790 , 2.494318 , 2.502724 , 2.474945 , 2.488305 , 2.482389 , 2.442297 , 2.382194 , 2.297774 , 2.238089 , 2.156883 , 2.115426 , 2.061482 , 2.024913 , 1.975193 , 1.936565 , 1.891382 , 1.855589 , 1.795585 , 1.754685 , 1.745125 , 1.706900 , 1.677655 , 1.646802 , 1.636983 , 1.597377 , 1.573112 , 1.534708 , 1.523267 , 1.496295 , 1.475278 , 1.482175 , 1.458344 , 1.433370 , 1.412498 , 1.386136 , 1.374320 , 1.363122 , 1.344082 , 1.347062 , 1.331647 , 1.299581 , 1.313166 , 1.295588 , 1.300184 , 1.285674 , 1.273167 , 1.255796 , 1.242331 , 1.242246 , 1.238893 , 1.232703 , 1.240384 , 1.226027 , 1.204051 , 1.199423 , 1.204742 , 1.188617 , 1.205074 , 1.196528 , 1.193037 , 1.202523 , 1.171063 , 1.181235 , 1.183505 , 1.187169 , 1.196617 , 1.160609 , 1.196113 , 1.186496 , 1.190523 , 1.184421 , 1.191791 , 1.189589 , 1.165265 , 1.166024 , 1.128347 , 1.098906 , 1.072186 , 1.071881 , 1.067624 , 1.045190 , 1.013132 , 0.969336 , 0.965754 , 0.961064 , 0.951467 , 0.923960 , 0.932965 , 0.890676 , 0.893192 , 0.897485 , 0.872129 , 0.844928 , 0.847906 , 0.835093 , 0.839520 , 0.831722 , 0.813502 , 0.813857 , 0.808425 , 0.780061 , 0.785526 , 0.788751 , 0.773674 , 0.772716 , 0.779427 , 0.750592 , 0.749570 , 0.742511 , 0.751536 , 0.740486 , 0.736340 , 0.740812 , 0.740994 , 0.730350 , 0.711768 , 0.730270 , 0.723806 , 0.714273 , 0.712267 , 0.735609 , 0.710781 , 0.709138 , 0.711196 , 0.716797 , 0.735656 , 0.706670 , 0.726972 , 0.712169 , 0.714379 , 0.729479 , 0.704224 , 0.728078 , 0.721247 , 0.728314 , 0.729219 , 0.735193 , 0.724371 , 0.728896 , 0.748584 , 0.739923 , 0.747577 , 0.747806 , 0.758740 , 0.748167 , 0.762449 , 0.763614 , 0.764043 , 0.769957 , 0.770826 , 0.764896 , 0.787840 , 0.800207 , 0.799029 , 0.818709 , 0.814088 , 0.825587 , 0.834329 , 0.846072 , 0.849359 , 0.864660 , 0.883682 , 0.890142 , 0.898710 , 0.903502 , 0.935627 , 0.942819 , 0.956229 , 0.971429 , 0.966475 , 0.980352 , 1.031564 , 1.017274 , 1.062154 , 1.081218 , 1.085927 , 1.135373 , 1.158326 , 1.173238 , 1.190983 , 1.228712 , 1.271694 , 1.289526 , 1.315582 , 1.354545 , 1.387758 , 1.445882 , 1.483597 , 1.541770 , 1.543671 , 1.541835 , 1.516892 , 1.556472 , 1.543020 , 1.557848
